9;TIT14;628;10;10;0;0;;False;0;0;;False;0;0;;0;0;
0;CNV01;628;10;10;0;0;;False;0;0;;False;0;0;;0;0;
9;TIT14;4;10;16;0;0;;False;0;0;;False;0;0;;0;0;
0;CNV01;4;10;16;0;0;;False;0;0;;False;0;0;;0;0;
9;TIT14;628;10;8;0;0;;False;0;0;;False;0;0;;0;0;
6;WRI00;;;;0;0;;False;0;0;;False;1;2;8;1;10;10
6;WRI00;;;;0;0;;False;0;0;;False;2;2;9;2;10;11
1;WRI00;;;;0;0;;False;0;0;;False;3;2;10;3;10;12
9;NXP01;;;;0;0;;False;0;0;;False;0;0;;0;0;
3;CNV02;6;6;;0;0;;False;0;0;;False;1;0;6;0;0;
9;WRI00;;;;0;0;;False;0;0;;False;2;0;12;2;-3;×
5;DRA02;;;;0;0;;False;0;0;;False;2;0;;2;-2;
8;MUL01;2;6;14;2;0;2;False;1;0;6;False;0;0;;0;0;
5;WRI00;;;;0;0;;False;0;0;;False;3;0;14;0;0;
7;WRI00;;;;0;0;;False;0;0;;False;4;0;.;0;0;
8;MUL01;1;6;6;2;-1;1;False;1;0;6;False;0;0;;0;0;
5;WRI00;;;;0;0;;False;0;0;;False;4;-1;6;0;0;
4;DRA02;;;;0;0;;False;0;0;;False;4;-2;;4;0;
5;WRI04;4;;;3;0;4;False;0;0;;False;5;0;4;0;0;
4;ADD01;1;6;7;3;-1;1;False;4;-1;6;False;5;-1;7;0;0;
9;CNV02;2;2;;0;0;;False;0;0;;False;6;0;2;6;-3;+
5;DRA02;;;;0;0;;False;0;0;;False;6;0;;6;-2;
8;ADD01;4;2;6;5;0;4;False;6;0;2;False;0;0;;0;0;
5;WRI03;6;0;;0;0;;False;0;0;;False;7;0;6;0;0;
3;WRI04;7;;;5;-1;7;False;0;0;;False;7;-1;7;0;0;
9;WRI00;;;;0;0;;False;0;0;;False;8;0;12;8;-3;×
5;DRA02;;;;0;0;;False;0;0;;False;8;0;;8;-2;
8;MUL01;2;6;14;8;0;2;False;7;0;6;False;0;0;;0;0;
7;WRI02;4;1;;0;0;;False;0;0;;False;9;0;4;0;0;
8;MUL01;2;7;16;8;0;2;False;7;-1;7;False;0;0;;0;0;
8;ADD02;1;17;;0;0;;False;0;0;;False;0;0;;0;0;
5;WRI00;;;;0;0;;False;0;0;;False;9;-1;17;0;0;
7;WRI00;;;;0;0;;False;0;0;;False;10;0;.;0;0;
8;MUL01;1;6;6;8;-1;1;False;7;0;6;False;0;0;;0;0;
7;WRI03;6;0;;0;0;;False;0;0;;False;10;-1;6;0;0;
8;MUL01;1;7;7;8;-1;1;False;7;-1;7;False;0;0;;0;0;
5;WRI00;;;;0;0;;False;0;0;;False;10;-2;7;0;0;
4;DRA02;;;;0;0;;False;0;0;;False;10;-3;;10;0;
5;WRI04;4;;;9;0;4;False;0;0;;False;11;0;4;0;0;
8;ADD01;7;6;15;9;-1;7;False;10;-1;6;False;0;0;;0;0;
5;WRI02;5;1;;0;0;;False;0;0;;False;11;-1;5;0;0;
8;ADD01;1;1;2;9;-2;1;False;0;0;;False;0;0;;0;0;
4;ADD02;7;11;;10;-2;7;False;0;0;;False;11;-2;11;0;0;
9;CNV02;8;10;;0;0;;False;0;0;;False;12;0;10;12;-5;+
5;DRA02;;;;0;0;;False;0;0;;False;12;0;;12;-4;
8;ADD01;4;0;4;11;0;4;False;12;0;0;False;0;0;;0;0;
5;WRI03;4;0;;0;0;;False;0;0;;False;13;0;4;0;0;
8;ADD01;5;1;6;11;-1;5;False;12;-1;1;False;0;0;;0;0;
5;WRI03;6;0;;0;0;;False;0;0;;False;13;-1;6;0;0;
5;WRI04;1;;;11;-2;1;False;0;0;;False;13;-2;1;0;0;
0;WRI04;1;;;11;-3;1;False;0;0;;False;13;-3;1;0;0;
9;TIT14;628;10;16;0;0;;False;0;0;;False;0;0;;0;0;
3;CNV02;6;6;;0;0;;False;0;0;;False;1;0;6;0;0;
9;WRI00;;;;0;0;;False;0;0;;False;2;0;A;2;-2;×
5;DRA02;;;;0;0;;False;0;0;;False;2;0;;2;-1;
8;MUL01;A;6;3C;2;0;A;False;1;0;6;False;0;0;;0;0;
5;WRI00;;;;0;0;;False;0;0;;False;3;0;3C;0;0;
9;CNV02;2;2;;0;0;;False;0;0;;False;4;0;2;4;-3;+
5;DRA02;;;;0;0;;False;0;0;;False;4;0;;4;-2;
8;ADD01;C;2;E;3;0;C;False;4;0;2;False;0;0;;0;0;
5;WRI03;E;0;;0;0;;False;0;0;;False;5;0;E;0;0;
3;WRI04;3;;;3;-1;3;False;0;0;;False;5;-1;3;0;0;
9;WRI00;;;;0;0;;False;0;0;;False;6;0;A;6;-3;×
5;DRA02;;;;0;0;;False;0;0;;False;6;0;;6;-2;
8;MUL01;A;E;8C;6;0;A;False;5;0;E;False;0;0;;0;0;
7;WRI02;C;8;;0;0;;False;0;0;;False;7;0;C;0;0;
8;MUL01;A;3;1E;6;0;A;False;5;-1;3;False;0;0;;0;0;
8;ADD02;8;26;;0;0;;False;0;0;;False;0;0;;0;0;
5;WRI00;;;;0;0;;False;0;0;;False;7;-1;26;0;0;
9;CNV02;8;8;;0;0;;False;0;0;;False;8;0;8;8;-4;+
5;DRA02;;;;0;0;;False;0;0;;False;8;0;;8;-3;
8;ADD01;C;8;14;7;0;C;False;8;0;8;False;0;0;;0;0;
5;WRI02;4;1;;0;0;;False;0;0;;False;9;0;4;0;0;
8;ADD01;6;1;7;7;-1;6;False;0;0;;False;0;0;;0;0;
5;WRI03;7;0;;0;0;;False;0;0;;False;9;-1;7;0;0;
0;WRI04;2;;;7;-2;2;False;0;0;;False;9;-2;2;0;0;
9;TIT14;Y;36;10;0;0;;False;0;0;;False;0;0;;0;0;
6;WRI00;;;;0;0;;False;0;0;;False;1;2;A;1;10;10
6;WRI00;;;;0;0;;False;0;0;;False;2;2;B;2;10;11
6;WRI00;;;;0;0;;False;0;0;;False;3;2;C;3;10;12
6;WRI00;;;;0;0;;False;0;0;;False;4;2;D;4;10;13
6;WRI00;;;;0;0;;False;0;0;;False;5;2;E;5;10;14
6;WRI00;;;;0;0;;False;0;0;;False;6;2;F;6;10;15
6;WRI00;;;;0;0;;False;0;0;;False;7;2;G;7;10;16
6;WRI00;;;;0;0;;False;0;0;;False;8;2;H;8;10;17
6;WRI00;;;;0;0;;False;0;0;;False;9;2;I;9;10;18
6;WRI00;;;;0;0;;False;0;0;;False;10;2;J;10;10;19
6;WRI00;;;;0;0;;False;0;0;;False;11;2;K;11;10;20
6;WRI00;;;;0;0;;False;0;0;;False;12;2;L;12;10;21
6;WRI00;;;;0;0;;False;0;0;;False;13;2;M;13;10;22
6;WRI00;;;;0;0;;False;0;0;;False;14;2;N;14;10;23
6;WRI00;;;;0;0;;False;0;0;;False;15;2;O;15;10;24
6;WRI00;;;;0;0;;False;0;0;;False;16;2;P;16;10;25
6;WRI00;;;;0;0;;False;0;0;;False;17;2;Q;17;10;26
6;WRI00;;;;0;0;;False;0;0;;False;18;2;R;18;10;27
6;WRI00;;;;0;0;;False;0;0;;False;19;2;S;19;10;28
6;WRI00;;;;0;0;;False;0;0;;False;20;2;T;20;10;29
6;WRI00;;;;0;0;;False;0;0;;False;21;2;U;21;10;30
6;WRI00;;;;0;0;;False;0;0;;False;22;2;V;22;10;31
6;WRI00;;;;0;0;;False;0;0;;False;23;2;W;23;10;32
6;WRI00;;;;0;0;;False;0;0;;False;24;2;X;24;10;33
6;WRI00;;;;0;0;;False;0;0;;False;25;2;Y;25;10;34
6;WRI00;;;;0;0;;False;0;0;;False;26;2;Z;26;10;35
1;WRI00;;;;0;0;;False;0;0;;False;27;2;10;27;10;36
9;NXP01;;;;0;0;;False;0;0;;False;0;0;;0;0;
0;CNV02;Y;34;;0;0;;False;0;0;;False;1;0;34;0;0;
9;TIT14;Y;36;2;0;0;;False;0;0;;False;0;0;;0;0;
6;WRI00;;;;0;0;;False;0;0;;False;1;2;2;1;10;10
6;WRI00;;;;0;0;;False;0;0;;False;2;2;3;2;10;11
6;WRI00;;;;0;0;;False;0;0;;False;3;2;4;3;10;100
6;WRI00;;;;0;0;;False;0;0;;False;4;2;5;4;10;101
6;WRI00;;;;0;0;;False;0;0;;False;5;2;6;5;10;110
6;WRI00;;;;0;0;;False;0;0;;False;6;2;7;6;10;111
6;WRI00;;;;0;0;;False;0;0;;False;7;2;8;7;10;1000
6;WRI00;;;;0;0;;False;0;0;;False;8;2;9;8;10;1001
6;WRI00;;;;0;0;;False;0;0;;False;9;2;A;9;10;1010
6;WRI00;;;;0;0;;False;0;0;;False;10;2;B;10;10;1011
6;WRI00;;;;0;0;;False;0;0;;False;11;2;C;11;10;1100
6;WRI00;;;;0;0;;False;0;0;;False;12;2;D;12;10;1101
6;WRI00;;;;0;0;;False;0;0;;False;13;2;E;13;10;1110
6;WRI00;;;;0;0;;False;0;0;;False;14;2;F;14;10;1111
6;WRI00;;;;0;0;;False;0;0;;False;15;2;G;15;10;10000
6;WRI00;;;;0;0;;False;0;0;;False;16;2;H;16;10;10001
6;WRI00;;;;0;0;;False;0;0;;False;17;2;I;17;10;10010
6;WRI00;;;;0;0;;False;0;0;;False;18;2;J;18;10;10011
6;WRI00;;;;0;0;;False;0;0;;False;19;2;K;19;10;10100
6;WRI00;;;;0;0;;False;0;0;;False;20;2;L;20;10;10101
6;WRI00;;;;0;0;;False;0;0;;False;21;2;M;21;10;10110
6;WRI00;;;;0;0;;False;0;0;;False;22;2;N;22;10;10111
6;WRI00;;;;0;0;;False;0;0;;False;23;2;O;23;10;11000
6;WRI00;;;;0;0;;False;0;0;;False;24;2;P;24;10;11001
6;WRI00;;;;0;0;;False;0;0;;False;25;2;Q;25;10;11010
6;WRI00;;;;0;0;;False;0;0;;False;26;2;R;26;10;11011
6;WRI00;;;;0;0;;False;0;0;;False;27;2;S;27;10;11100
6;WRI00;;;;0;0;;False;0;0;;False;28;2;T;28;10;11101
6;WRI00;;;;0;0;;False;0;0;;False;29;2;U;29;10;11110
6;WRI00;;;;0;0;;False;0;0;;False;30;2;V;30;10;11111
6;WRI00;;;;0;0;;False;0;0;;False;31;2;W;31;10;100000
6;WRI00;;;;0;0;;False;0;0;;False;32;2;X;32;10;100001
6;WRI00;;;;0;0;;False;0;0;;False;33;2;Y;33;10;100010
6;WRI00;;;;0;0;;False;0;0;;False;34;2;Z;34;10;100011
1;WRI00;;;;0;0;;False;0;0;;False;35;2;10;35;10;100100
9;NXP01;;;;0;0;;False;0;0;;False;0;0;;0;0;
0;CNV02;Y;100010;;0;0;;False;0;0;;False;1;0;100010;0;0;
9;TIT14;4095;10;16;0;0;;False;0;0;;False;0;0;;0;0;
3;CNV02;4;4;;0;0;;False;0;0;;False;1;0;4;0;0;
9;WRI00;;;;0;0;;False;0;0;;False;2;0;A;2;-2;×
5;DRA02;;;;0;0;;False;0;0;;False;2;0;;2;-1;
8;MUL01;A;4;28;2;0;A;False;1;0;4;False;0;0;;0;0;
5;WRI00;;;;0;0;;False;0;0;;False;3;0;28;0;0;
9;CNV02;0;0;;0;0;;False;0;0;;False;4;0;0;4;-3;+
5;DRA02;;;;0;0;;False;0;0;;False;4;0;;4;-2;
8;ADD01;8;0;8;3;0;8;False;4;0;0;False;0;0;;0;0;
5;WRI03;8;0;;0;0;;False;0;0;;False;5;0;8;0;0;
3;WRI04;2;;;3;-1;2;False;0;0;;False;5;-1;2;0;0;
9;WRI00;;;;0;0;;False;0;0;;False;6;0;A;6;-3;×
5;DRA02;;;;0;0;;False;0;0;;False;6;0;;6;-2;
8;MUL01;A;8;50;6;0;A;False;5;0;8;False;0;0;;0;0;
7;WRI02;0;5;;0;0;;False;0;0;;False;7;0;0;0;0;
8;MUL01;A;2;14;6;0;A;False;5;-1;2;False;0;0;;0;0;
8;ADD02;5;19;;0;0;;False;0;0;;False;0;0;;0;0;
5;WRI00;;;;0;0;;False;0;0;;False;7;-1;19;0;0;
9;CNV02;9;9;;0;0;;False;0;0;;False;8;0;9;8;-4;+
5;DRA02;;;;0;0;;False;0;0;;False;8;0;;8;-3;
8;ADD01;0;9;9;7;0;0;False;8;0;9;False;0;0;;0;0;
5;WRI03;9;0;;0;0;;False;0;0;;False;9;0;9;0;0;
5;WRI04;9;;;7;-1;9;False;0;0;;False;9;-1;9;0;0;
1;WRI04;1;;;7;-2;1;False;0;0;;False;9;-2;1;0;0;
9;NXP01;;;;0;0;;False;0;0;;False;0;0;;0;0;
9;CNV03;199;5;;0;0;;False;0;0;;False;1;0;199;0;0;
9;WRI00;;;;0;0;;False;0;0;;False;2;0;A;2;-4;×
5;DRA02;;;;0;0;;False;0;0;;False;2;0;;2;-3;
8;MUL01;A;9;5A;2;0;A;False;1;0;9;False;0;0;;0;0;
7;WRI02;A;5;;0;0;;False;0;0;;False;3;0;A;0;0;
8;MUL01;A;9;5A;2;0;A;False;1;-1;9;False;0;0;;0;0;
8;ADD02;5;5F;;0;0;;False;0;0;;False;0;0;;0;0;
7;WRI02;F;5;;0;0;;False;0;0;;False;3;-1;F;0;0;
8;MUL01;A;1;A;2;0;A;False;1;-2;1;False;0;0;;0;0;
8;ADD02;5;F;;0;0;;False;0;0;;False;0;0;;0;0;
5;WRI00;;;;0;0;;False;0;0;;False;3;-2;F;0;0;
9;CNV02;5;5;;0;0;;False;0;0;;False;4;0;5;4;-4;+
5;DRA02;;;;0;0;;False;0;0;;False;4;0;;4;-3;
8;ADD01;A;5;F;3;0;A;False;4;0;5;False;0;0;;0;0;
5;WRI03;F;0;;0;0;;False;0;0;;False;5;0;F;0;0;
5;WRI04;F;;;3;-1;F;False;0;0;;False;5;-1;F;0;0;
0;WRI04;F;;;3;-2;F;False;0;0;;False;5;-2;F;0;0;
9;TIT14;4095;10;8;0;0;;False;0;0;;False;0;0;;0;0;
6;WRI00;;;;0;0;;False;0;0;;False;1;2;8;1;10;10
6;WRI00;;;;0;0;;False;0;0;;False;2;2;9;2;10;11
1;WRI00;;;;0;0;;False;0;0;;False;3;2;10;3;10;12
9;NXP01;;;;0;0;;False;0;0;;False;0;0;;0;0;
3;CNV02;4;4;;0;0;;False;0;0;;False;1;0;4;0;0;
9;WRI00;;;;0;0;;False;0;0;;False;2;0;12;2;-3;×
5;DRA02;;;;0;0;;False;0;0;;False;2;0;;2;-2;
8;MUL01;2;4;10;2;0;2;False;1;0;4;False;0;0;;0;0;
5;WRI00;;;;0;0;;False;0;0;;False;3;0;10;0;0;
7;WRI00;;;;0;0;;False;0;0;;False;4;0;.;0;0;
8;MUL01;1;4;4;2;-1;1;False;1;0;4;False;0;0;;0;0;
5;WRI00;;;;0;0;;False;0;0;;False;4;-1;4;0;0;
4;DRA02;;;;0;0;;False;0;0;;False;4;-2;;4;0;
5;WRI04;0;;;3;0;0;False;0;0;;False;5;0;0;0;0;
4;ADD01;1;4;5;3;-1;1;False;4;-1;4;False;5;-1;5;0;0;
9;CNV02;0;0;;0;0;;False;0;0;;False;6;0;0;6;-3;+
5;DRA02;;;;0;0;;False;0;0;;False;6;0;;6;-2;
8;ADD01;0;0;0;5;0;0;False;6;0;0;False;0;0;;0;0;
5;WRI03;0;0;;0;0;;False;0;0;;False;7;0;0;0;0;
3;WRI04;5;;;5;-1;5;False;0;0;;False;7;-1;5;0;0;
9;WRI00;;;;0;0;;False;0;0;;False;8;0;12;8;-3;×
5;DRA02;;;;0;0;;False;0;0;;False;8;0;;8;-2;
8;MUL01;2;0;0;8;0;2;False;7;0;0;False;0;0;;0;0;
7;WRI03;0;0;;0;0;;False;0;0;;False;9;0;0;0;0;
8;MUL01;2;5;12;8;0;2;False;7;-1;5;False;0;0;;0;0;
5;WRI00;;;;0;0;;False;0;0;;False;9;-1;12;0;0;
7;WRI00;;;;0;0;;False;0;0;;False;10;0;.;0;0;
8;MUL01;1;0;0;8;-1;1;False;7;0;0;False;0;0;;0;0;
7;WRI03;0;0;;0;0;;False;0;0;;False;10;-1;0;0;0;
8;MUL01;1;5;5;8;-1;1;False;7;-1;5;False;0;0;;0;0;
5;WRI00;;;;0;0;;False;0;0;;False;10;-2;5;0;0;
4;DRA02;;;;0;0;;False;0;0;;False;10;-3;;10;0;
5;WRI04;0;;;9;0;0;False;0;0;;False;11;0;0;0;0;
8;ADD01;2;0;2;9;-1;2;False;10;-1;0;False;0;0;;0;0;
5;WRI03;2;0;;0;0;;False;0;0;;False;11;-1;2;0;0;
4;ADD01;1;5;6;9;-2;1;False;10;-2;5;False;11;-2;6;0;0;
9;CNV02;9;11;;0;0;;False;0;0;;False;12;0;11;12;-4;+
5;DRA02;;;;0;0;;False;0;0;;False;12;0;;12;-3;
8;ADD01;0;1;1;11;0;0;False;12;0;1;False;0;0;;0;0;
5;WRI03;1;0;;0;0;;False;0;0;;False;13;0;1;0;0;
8;ADD01;2;1;3;11;-1;2;False;12;-1;1;False;0;0;;0;0;
5;WRI03;3;0;;0;0;;False;0;0;;False;13;-1;3;0;0;
1;WRI04;6;;;11;-2;6;False;0;0;;False;13;-2;6;0;0;
9;NXP01;;;;0;0;;False;0;0;;False;0;0;;0;0;
9;CNV03;631;5;;0;0;;False;0;0;;False;1;0;631;0;0;
9;WRI00;;;;0;0;;False;0;0;;False;2;0;12;2;-4;×
5;DRA02;;;;0;0;;False;0;0;;False;2;0;;2;-3;
8;MUL01;2;1;2;2;0;2;False;1;0;1;False;0;0;;0;0;
7;WRI03;2;0;;0;0;;False;0;0;;False;3;0;2;0;0;
8;MUL01;2;3;6;2;0;2;False;1;-1;3;False;0;0;;0;0;
7;WRI03;6;0;;0;0;;False;0;0;;False;3;-1;6;0;0;
8;MUL01;2;6;14;2;0;2;False;1;-2;6;False;0;0;;0;0;
5;WRI00;;;;0;0;;False;0;0;;False;3;-2;14;0;0;
7;WRI00;;;;0;0;;False;0;0;;False;4;0;.;0;0;
8;MUL01;1;1;1;2;-1;1;False;1;0;1;False;0;0;;0;0;
7;WRI03;1;0;;0;0;;False;0;0;;False;4;-1;1;0;0;
8;MUL01;1;3;3;2;-1;1;False;1;-1;3;False;0;0;;0;0;
7;WRI03;3;0;;0;0;;False;0;0;;False;4;-2;3;0;0;
8;MUL01;1;6;6;2;-1;1;False;1;-2;6;False;0;0;;0;0;
5;WRI00;;;;0;0;;False;0;0;;False;4;-3;6;0;0;
4;DRA02;;;;0;0;;False;0;0;;False;4;-4;;4;0;
5;WRI04;2;;;3;0;2;False;0;0;;False;5;0;2;0;0;
8;ADD01;6;1;7;3;-1;6;False;4;-1;1;False;0;0;;0;0;
5;WRI03;7;0;;0;0;;False;0;0;;False;5;-1;7;0;0;
8;ADD01;4;3;7;3;-2;4;False;4;-2;3;False;0;0;;0;0;
5;WRI03;7;0;;0;0;;False;0;0;;False;5;-2;7;0;0;
4;ADD01;1;6;7;3;-3;1;False;4;-3;6;False;5;-3;7;0;0;
9;CNV02;5;5;;0;0;;False;0;0;;False;6;0;5;6;-5;+
5;DRA02;;;;0;0;;False;0;0;;False;6;0;;6;-4;
8;ADD01;2;5;7;5;0;2;False;6;0;5;False;0;0;;0;0;
5;WRI03;7;0;;0;0;;False;0;0;;False;7;0;7;0;0;
5;WRI04;7;;;5;-1;7;False;0;0;;False;7;-1;7;0;0;
5;WRI04;7;;;5;-2;7;False;0;0;;False;7;-2;7;0;0;
0;WRI04;7;;;5;-3;7;False;0;0;;False;7;-3;7;0;0;
