9;TIT16;628;10;8;0;0;;False;0;0;;False;0;0;;0;0;
5;WRI00;;;;0;0;;False;0;0;;False;0;0;1;0;4;8
11;WRI00;;;;0;0;;False;0;0;;False;1;0;2;0;0;
5;ADD01;8;8;16;0;4;8;False;0;4;8;False;1;4;16;0;0;
11;WRI00;;;;0;0;;False;0;0;;False;2;0;3;0;0;
9;ADD01;8;6;14;0;4;8;False;1;4;6;False;0;0;;0;0;
6;WRI02;4;1;;0;0;;False;0;0;;False;2;4;4;0;0;
5;ADD01;1;1;2;1;3;1;False;0;0;;False;2;3;2;0;0;
11;WRI00;;;;0;0;;False;0;0;;False;3;0;4;0;0;
9;ADD01;8;4;12;0;4;8;False;2;4;4;False;0;0;;0;0;
6;WRI02;2;1;;0;0;;False;0;0;;False;3;4;2;0;0;
5;ADD01;2;1;3;2;3;2;False;0;0;;False;3;3;3;0;0;
11;WRI00;;;;0;0;;False;0;0;;False;4;0;5;0;0;
9;ADD01;8;2;10;0;4;8;False;3;4;2;False;0;0;;0;0;
6;WRI02;0;1;;0;0;;False;0;0;;False;4;4;0;0;0;
5;ADD01;3;1;4;3;3;3;False;0;0;;False;4;3;4;0;0;
11;WRI00;;;;0;0;;False;0;0;;False;5;0;6;0;0;
9;ADD01;8;0;8;0;4;8;False;4;4;0;False;0;0;;0;0;
6;WRI03;8;0;;0;0;;False;0;0;;False;5;4;8;0;0;
5;WRI04;4;;;4;3;4;False;0;0;;False;5;3;4;0;0;
11;WRI00;;;;0;0;;False;0;0;;False;6;0;7;0;0;
9;ADD01;8;8;16;0;4;8;False;5;4;8;False;0;0;;0;0;
6;WRI02;6;1;;0;0;;False;0;0;;False;6;4;6;0;0;
5;ADD01;4;1;5;5;3;4;False;0;0;;False;6;3;5;0;0;
11;WRI00;;;;0;0;;False;0;0;;False;7;0;8;0;0;
9;ADD01;8;6;14;0;4;8;False;6;4;6;False;0;0;;0;0;
6;WRI02;4;1;;0;0;;False;0;0;;False;7;4;4;0;0;
5;ADD01;5;1;6;6;3;5;False;0;0;;False;7;3;6;0;0;
11;WRI00;;;;0;0;;False;0;0;;False;8;0;9;0;0;
9;ADD01;8;4;12;0;4;8;False;7;4;4;False;0;0;;0;0;
6;WRI02;2;1;;0;0;;False;0;0;;False;8;4;2;0;0;
1;ADD01;6;1;7;7;3;6;False;0;0;;False;8;3;7;0;0;
1;NXP01;;;;0;0;;False;0;0;;False;0;0;;0;0;
9;WRI00;;;;0;0;;False;0;0;;False;1;0;628;0;0;
9;DRA02;;;;0;0;;False;0;0;;False;1;1;;1;1;
8;WRI00;;;;0;0;;False;0;0;;False;1;1;8;2;2;..
8;DRA01;;;;0;0;;False;0;0;;False;1;0;;3;0;
4;HOO01;;;;0;0;;False;0;0;;False;1;-2;;1;-1;
8;DIV01;62;8;7;1;2;62;False;1;1;8;False;2;1;7;0;0;
8;WRI05;56;;;0;0;;False;0;0;;False;0;0;;0;0;
11;WRI00;;;;0;0;;False;0;0;;False;2;-1;56;0;0;
8;DRA02;;;;0;0;;False;0;0;;False;2;-2;;2;-1;
12;SUB01;6;6;12;1;-1;2;False;2;-1;6;False;0;0;;0;0;
9;WRI02;6;1;;0;0;;False;0;0;;False;3;-1;6;0;0;
12;ADD01;5;1;6;2;-2;5;False;0;0;;False;0;0;;0;0;
12;SUB02;0;6;;1;-2;6;False;0;0;;False;0;0;;0;0;
3;WRI03;0;0;;0;0;;False;0;0;;False;3;-2;0;0;0;
8;DRA01;;;;0;0;;False;0;0;;False;1;0;;5;0;
6;DIV04;8;;;1;0;8;False;0;0;;False;3;0;8;0;0;
8;DIV01;68;8;8;3;3;68;False;1;1;8;False;2;2;8;0;0;
8;WRI05;64;;;0;0;;False;0;0;;False;0;0;;0;0;
11;WRI00;;;;0;0;;False;0;0;;False;4;0;64;0;0;
8;DRA02;;;;0;0;;False;0;0;;False;4;-1;;4;0;
12;SUB01;4;4;8;3;0;8;False;4;0;4;False;0;0;;0;0;
9;WRI03;4;0;;0;0;;False;0;0;;False;5;0;4;0;0;
12;SUB01;6;0;6;3;-1;6;False;4;-1;6;False;0;0;;0;0;
3;WRI03;0;0;;0;0;;False;0;0;;False;5;-1;0;0;0;
9;CNV03;4;78;;0;0;;False;0;0;;False;1;0;78;0;0;
9;DRA02;;;;0;0;;False;0;0;;False;2;3;;2;3;
8;WRI00;;;;0;0;;False;0;0;;False;2;3;8;3;3;.
8;DRA01;;;;0;0;;False;0;0;;False;2;2;;4;2;
4;HOO01;;;;0;0;;False;0;0;;False;2;1;;2;2;
8;DIV01;78;8;9;2;2;78;False;2;3;8;False;3;3;9;0;0;
8;WRI05;72;;;0;0;;False;0;0;;False;0;0;;0;0;
11;WRI00;;;;0;0;;False;0;0;;False;3;2;72;0;0;
8;DRA02;;;;0;0;;False;0;0;;False;3;1;;3;2;
12;SUB01;2;6;8;2;2;8;False;3;2;2;False;0;0;;0;0;
9;WRI03;6;0;;0;0;;False;0;0;;False;4;2;6;0;0;
12;SUB01;7;0;7;2;1;7;False;3;1;7;False;0;0;;0;0;
1;WRI03;0;0;;0;0;;False;0;0;;False;4;1;0;0;0;
9;NXP01;;;;0;0;;False;0;0;;False;0;0;;0;0;
9;CNV03;64;9;;0;0;;False;0;0;;False;1;0;9;0;0;
9;DRA02;;;;0;0;;False;0;0;;False;1;1;;1;1;
8;WRI00;;;;0;0;;False;0;0;;False;1;1;8;2;1;.
8;DRA01;;;;0;0;;False;0;0;;False;1;0;;3;0;
4;HOO01;;;;0;0;;False;0;0;;False;1;0;;1;0;
8;DIV01;9;8;1;1;1;9;False;1;1;8;False;2;1;1;0;0;
8;WRI05;8;;;0;0;;False;0;0;;False;0;0;;0;0;
11;WRI00;;;;0;0;;False;0;0;;False;2;0;8;0;0;
8;DRA02;;;;0;0;;False;0;0;;False;2;0;;2;0;
12;SUB01;8;1;9;1;0;9;False;2;0;8;False;0;0;;0;0;
3;WRI03;1;0;;0;0;;False;0;0;;False;3;0;1;0;0;
0;CNV03;1164;0;;0;0;;False;0;0;;False;0;0;;0;0;
9;TIT16;628;10;16;0;0;;False;0;0;;False;0;0;;0;0;
8;WRI00;;;;0;0;;False;0;0;;False;1;2;A;1;10;10
8;WRI00;;;;0;0;;False;0;0;;False;2;2;B;2;10;11
8;WRI00;;;;0;0;;False;0;0;;False;3;2;C;3;10;12
8;WRI00;;;;0;0;;False;0;0;;False;4;2;D;4;10;13
8;WRI00;;;;0;0;;False;0;0;;False;5;2;E;5;10;14
8;WRI00;;;;0;0;;False;0;0;;False;6;2;F;6;10;15
1;WRI00;;;;0;0;;False;0;0;;False;7;2;10;7;10;16
11;NXP01;;;;0;0;;False;0;0;;False;0;0;;0;0;
5;WRI00;;;;0;0;;False;0;0;;False;0;0;1;0;5;16
11;WRI00;;;;0;0;;False;0;0;;False;1;0;2;0;0;
9;ADD01;6;6;12;0;5;6;False;0;5;6;False;0;0;;0;0;
6;WRI02;2;1;;0;0;;False;0;0;;False;1;5;2;0;0;
9;ADD01;1;1;2;0;4;1;False;0;0;;False;0;0;;0;0;
5;ADD02;1;3;;0;4;1;False;0;0;;False;1;4;3;0;0;
11;WRI00;;;;0;0;;False;0;0;;False;2;0;3;0;0;
9;ADD01;6;2;8;0;5;6;False;1;5;2;False;0;0;;0;0;
6;WRI03;8;0;;0;0;;False;0;0;;False;2;5;8;0;0;
5;ADD01;1;3;4;0;4;1;False;1;4;3;False;2;4;4;0;0;
11;WRI00;;;;0;0;;False;0;0;;False;3;0;4;0;0;
9;ADD01;6;8;14;0;5;6;False;2;5;8;False;0;0;;0;0;
6;WRI02;4;1;;0;0;;False;0;0;;False;3;5;4;0;0;
9;ADD01;1;1;2;0;4;1;False;0;0;;False;0;0;;0;0;
5;ADD02;4;6;;2;4;4;False;0;0;;False;3;4;6;0;0;
11;WRI00;;;;0;0;;False;0;0;;False;4;0;5;0;0;
9;ADD01;6;4;10;0;5;6;False;3;5;4;False;0;0;;0;0;
6;WRI02;0;1;;0;0;;False;0;0;;False;4;5;0;0;0;
9;ADD01;1;1;2;0;4;1;False;0;0;;False;0;0;;0;0;
5;ADD02;6;8;;3;4;6;False;0;0;;False;4;4;8;0;0;
11;WRI00;;;;0;0;;False;0;0;;False;5;0;6;0;0;
9;ADD01;6;0;6;0;5;6;False;4;5;0;False;0;0;;0;0;
6;WRI03;6;0;;0;0;;False;0;0;;False;5;5;6;0;0;
5;ADD01;1;8;9;0;4;1;False;4;4;8;False;5;4;9;0;0;
11;WRI00;;;;0;0;;False;0;0;;False;6;0;7;0;0;
9;ADD01;6;6;12;0;5;6;False;5;5;6;False;0;0;;0;0;
6;WRI02;2;1;;0;0;;False;0;0;;False;6;5;2;0;0;
9;ADD01;1;1;2;0;4;1;False;0;0;;False;0;0;;0;0;
5;ADD02;9;11;;5;4;9;False;0;0;;False;6;4;11;0;0;
11;WRI00;;;;0;0;;False;0;0;;False;7;0;8;0;0;
9;ADD01;6;2;8;0;5;6;False;6;5;2;False;0;0;;0;0;
6;WRI03;8;0;;0;0;;False;0;0;;False;7;5;8;0;0;
9;ADD01;1;1;2;0;4;1;False;6;4;1;False;0;0;;0;0;
6;WRI03;2;0;;0;0;;False;0;0;;False;7;4;2;0;0;
5;WRI04;1;;;6;3;1;False;0;0;;False;7;3;1;0;0;
11;WRI00;;;;0;0;;False;0;0;;False;8;0;9;0;0;
9;ADD01;6;8;14;0;5;6;False;7;5;8;False;0;0;;0;0;
6;WRI02;4;1;;0;0;;False;0;0;;False;8;5;4;0;0;
9;ADD01;1;1;2;0;4;1;False;0;0;;False;0;0;;0;0;
9;ADD02;2;4;;7;4;2;False;0;0;;False;0;0;;0;0;
6;WRI03;4;0;;0;0;;False;0;0;;False;8;4;4;0;0;
1;WRI04;1;;;7;3;1;False;0;0;;False;8;3;1;0;0;
1;NXP01;;;;0;0;;False;0;0;;False;0;0;;0;0;
9;WRI00;;;;0;0;;False;0;0;;False;1;0;628;0;0;
9;DRA02;;;;0;0;;False;0;0;;False;1;1;;1;2;
8;WRI00;;;;0;0;;False;0;0;;False;1;2;16;2;2;..
8;DRA01;;;;0;0;;False;0;0;;False;1;0;;3;0;
4;HOO01;;;;0;0;;False;0;0;;False;1;-2;;1;-1;
8;DIV01;62;16;3;1;2;62;False;1;2;16;False;2;1;3;0;0;
8;WRI05;48;;;0;0;;False;0;0;;False;0;0;;0;0;
11;WRI00;;;;0;0;;False;0;0;;False;2;-1;48;0;0;
8;DRA02;;;;0;0;;False;0;0;;False;2;-2;;2;-1;
12;SUB01;8;4;12;1;-1;2;False;2;-1;8;False;0;0;;0;0;
9;WRI02;4;1;;0;0;;False;0;0;;False;3;-1;4;0;0;
12;ADD01;4;1;5;2;-2;4;False;0;0;;False;0;0;;0;0;
12;SUB02;1;6;;1;-2;6;False;0;0;;False;0;0;;0;0;
3;WRI03;1;0;;0;0;;False;0;0;;False;3;-2;1;0;0;
8;DRA01;;;;0;0;;False;0;0;;False;1;0;;5;0;
6;DIV04;8;;;1;0;8;False;0;0;;False;3;0;8;0;0;
8;DIV01;148;16;9;3;3;148;False;1;2;16;False;2;2;9;0;0;
8;WRI05;144;;;0;0;;False;0;0;;False;0;0;;0;0;
11;WRI00;;;;0;0;;False;0;0;;False;4;0;144;0;0;
8;DRA02;;;;0;0;;False;0;0;;False;4;-2;;4;0;
12;SUB01;4;4;8;3;0;8;False;4;0;4;False;0;0;;0;0;
9;WRI03;4;0;;0;0;;False;0;0;;False;5;0;4;0;0;
12;SUB01;4;0;4;3;-1;4;False;4;-1;4;False;0;0;;0;0;
9;WRI03;0;0;;0;0;;False;0;0;;False;5;-1;0;0;0;
12;SUB01;1;0;1;3;-2;1;False;4;-2;1;False;0;0;;0;0;
3;WRI03;0;0;;0;0;;False;0;0;;False;5;-2;0;0;0;
9;CNV03;4;39;;0;0;;False;0;0;;False;1;0;39;0;0;
9;DRA02;;;;0;0;;False;0;0;;False;2;3;;2;4;
8;WRI00;;;;0;0;;False;0;0;;False;2;4;16;3;3;.
8;DRA01;;;;0;0;;False;0;0;;False;2;2;;4;2;
4;HOO01;;;;0;0;;False;0;0;;False;2;1;;2;2;
8;DIV01;39;16;2;2;2;39;False;2;4;16;False;3;3;2;0;0;
8;WRI05;32;;;0;0;;False;0;0;;False;0;0;;0;0;
11;WRI00;;;;0;0;;False;0;0;;False;3;2;32;0;0;
8;DRA02;;;;0;0;;False;0;0;;False;3;1;;3;2;
12;SUB01;2;7;9;2;2;9;False;3;2;2;False;0;0;;0;0;
9;WRI03;7;0;;0;0;;False;0;0;;False;4;2;7;0;0;
12;SUB01;3;0;3;2;1;3;False;3;1;3;False;0;0;;0;0;
3;WRI03;0;0;;0;0;;False;0;0;;False;4;1;0;0;0;
0;CNV03;274;0;;0;0;;False;0;0;;False;0;0;;0;0;
9;TIT16;3735928559;10;16;0;0;;False;0;0;;False;0;0;;0;0;
8;WRI00;;;;0;0;;False;0;0;;False;1;2;A;1;10;10
8;WRI00;;;;0;0;;False;0;0;;False;2;2;B;2;10;11
8;WRI00;;;;0;0;;False;0;0;;False;3;2;C;3;10;12
8;WRI00;;;;0;0;;False;0;0;;False;4;2;D;4;10;13
8;WRI00;;;;0;0;;False;0;0;;False;5;2;E;5;10;14
8;WRI00;;;;0;0;;False;0;0;;False;6;2;F;6;10;15
1;WRI00;;;;0;0;;False;0;0;;False;7;2;10;7;10;16
11;NXP01;;;;0;0;;False;0;0;;False;0;0;;0;0;
5;WRI00;;;;0;0;;False;0;0;;False;0;0;1;0;5;16
11;WRI00;;;;0;0;;False;0;0;;False;1;0;2;0;0;
9;ADD01;6;6;12;0;5;6;False;0;5;6;False;0;0;;0;0;
6;WRI02;2;1;;0;0;;False;0;0;;False;1;5;2;0;0;
9;ADD01;1;1;2;0;4;1;False;0;0;;False;0;0;;0;0;
5;ADD02;1;3;;0;4;1;False;0;0;;False;1;4;3;0;0;
11;WRI00;;;;0;0;;False;0;0;;False;2;0;3;0;0;
9;ADD01;6;2;8;0;5;6;False;1;5;2;False;0;0;;0;0;
6;WRI03;8;0;;0;0;;False;0;0;;False;2;5;8;0;0;
5;ADD01;1;3;4;0;4;1;False;1;4;3;False;2;4;4;0;0;
11;WRI00;;;;0;0;;False;0;0;;False;3;0;4;0;0;
9;ADD01;6;8;14;0;5;6;False;2;5;8;False;0;0;;0;0;
6;WRI02;4;1;;0;0;;False;0;0;;False;3;5;4;0;0;
9;ADD01;1;1;2;0;4;1;False;0;0;;False;0;0;;0;0;
5;ADD02;4;6;;2;4;4;False;0;0;;False;3;4;6;0;0;
11;WRI00;;;;0;0;;False;0;0;;False;4;0;5;0;0;
9;ADD01;6;4;10;0;5;6;False;3;5;4;False;0;0;;0;0;
6;WRI02;0;1;;0;0;;False;0;0;;False;4;5;0;0;0;
9;ADD01;1;1;2;0;4;1;False;0;0;;False;0;0;;0;0;
5;ADD02;6;8;;3;4;6;False;0;0;;False;4;4;8;0;0;
11;WRI00;;;;0;0;;False;0;0;;False;5;0;6;0;0;
9;ADD01;6;0;6;0;5;6;False;4;5;0;False;0;0;;0;0;
6;WRI03;6;0;;0;0;;False;0;0;;False;5;5;6;0;0;
5;ADD01;1;8;9;0;4;1;False;4;4;8;False;5;4;9;0;0;
11;WRI00;;;;0;0;;False;0;0;;False;6;0;7;0;0;
9;ADD01;6;6;12;0;5;6;False;5;5;6;False;0;0;;0;0;
6;WRI02;2;1;;0;0;;False;0;0;;False;6;5;2;0;0;
9;ADD01;1;1;2;0;4;1;False;0;0;;False;0;0;;0;0;
5;ADD02;9;11;;5;4;9;False;0;0;;False;6;4;11;0;0;
11;WRI00;;;;0;0;;False;0;0;;False;7;0;8;0;0;
9;ADD01;6;2;8;0;5;6;False;6;5;2;False;0;0;;0;0;
6;WRI03;8;0;;0;0;;False;0;0;;False;7;5;8;0;0;
9;ADD01;1;1;2;0;4;1;False;6;4;1;False;0;0;;0;0;
6;WRI03;2;0;;0;0;;False;0;0;;False;7;4;2;0;0;
5;WRI04;1;;;6;3;1;False;0;0;;False;7;3;1;0;0;
11;WRI00;;;;0;0;;False;0;0;;False;8;0;9;0;0;
9;ADD01;6;8;14;0;5;6;False;7;5;8;False;0;0;;0;0;
6;WRI02;4;1;;0;0;;False;0;0;;False;8;5;4;0;0;
9;ADD01;1;1;2;0;4;1;False;0;0;;False;0;0;;0;0;
9;ADD02;2;4;;7;4;2;False;0;0;;False;0;0;;0;0;
6;WRI03;4;0;;0;0;;False;0;0;;False;8;4;4;0;0;
1;WRI04;1;;;7;3;1;False;0;0;;False;8;3;1;0;0;
1;NXP01;;;;0;0;;False;0;0;;False;0;0;;0;0;
9;WRI00;;;;0;0;;False;0;0;;False;1;0;3735928559;0;0;
9;DRA02;;;;0;0;;False;0;0;;False;1;1;;1;2;
8;WRI00;;;;0;0;;False;0;0;;False;1;2;16;2;9;.........
8;DRA01;;;;0;0;;False;0;0;;False;1;0;;3;0;
4;HOO01;;;;0;0;;False;0;0;;False;1;-9;;1;-8;
8;DIV01;37;16;2;1;2;37;False;1;2;16;False;2;1;2;0;0;
8;WRI05;32;;;0;0;;False;0;0;;False;0;0;;0;0;
11;WRI00;;;;0;0;;False;0;0;;False;2;-8;32;0;0;
8;DRA02;;;;0;0;;False;0;0;;False;2;-9;;2;-8;
12;SUB01;2;5;7;1;-8;7;False;2;-8;2;False;0;0;;0;0;
9;WRI03;5;0;;0;0;;False;0;0;;False;3;-8;5;0;0;
12;SUB01;3;0;3;1;-9;3;False;2;-9;3;False;0;0;;0;0;
3;WRI03;0;0;;0;0;;False;0;0;;False;3;-9;0;0;0;
8;DRA01;;;;0;0;;False;0;0;;False;1;0;;5;0;
6;DIV04;3;;;1;-7;3;False;0;0;;False;3;-7;3;0;0;
8;DIV01;53;16;3;3;3;53;False;1;2;16;False;2;2;3;0;0;
8;WRI05;48;;;0;0;;False;0;0;;False;0;0;;0;0;
11;WRI00;;;;0;0;;False;0;0;;False;4;-7;48;0;0;
8;DRA02;;;;0;0;;False;0;0;;False;4;-8;;4;-7;
12;SUB01;8;5;13;3;-7;3;False;4;-7;8;False;0;0;;0;0;
9;WRI02;5;1;;0;0;;False;0;0;;False;5;-7;5;0;0;
12;ADD01;4;1;5;4;-8;4;False;0;0;;False;0;0;;0;0;
12;SUB02;0;5;;3;-8;5;False;0;0;;False;0;0;;0;0;
3;WRI03;0;0;;0;0;;False;0;0;;False;5;-8;0;0;0;
8;DRA01;;;;0;0;;False;0;0;;False;1;0;;7;0;
6;DIV04;5;;;1;-6;5;False;0;0;;False;5;-6;5;0;0;
8;DIV01;55;16;3;5;4;55;False;1;2;16;False;2;3;3;0;0;
8;WRI05;48;;;0;0;;False;0;0;;False;0;0;;0;0;
11;WRI00;;;;0;0;;False;0;0;;False;6;-6;48;0;0;
8;DRA02;;;;0;0;;False;0;0;;False;6;-7;;6;-6;
12;SUB01;8;7;15;5;-6;5;False;6;-6;8;False;0;0;;0;0;
9;WRI02;7;1;;0;0;;False;0;0;;False;7;-6;7;0;0;
12;ADD01;4;1;5;6;-7;4;False;0;0;;False;0;0;;0;0;
12;SUB02;0;5;;5;-7;5;False;0;0;;False;0;0;;0;0;
3;WRI03;0;0;;0;0;;False;0;0;;False;7;-7;0;0;0;
8;DRA01;;;;0;0;;False;0;0;;False;1;0;;9;0;
6;DIV04;9;;;1;-5;9;False;0;0;;False;7;-5;9;0;0;
8;DIV01;79;16;4;7;5;79;False;1;2;16;False;2;4;4;0;0;
8;WRI05;64;;;0;0;;False;0;0;;False;0;0;;0;0;
11;WRI00;;;;0;0;;False;0;0;;False;8;-5;64;0;0;
8;DRA02;;;;0;0;;False;0;0;;False;8;-6;;8;-5;
12;SUB01;4;5;9;7;-5;9;False;8;-5;4;False;0;0;;0;0;
9;WRI03;5;0;;0;0;;False;0;0;;False;9;-5;5;0;0;
12;SUB01;6;1;7;7;-6;7;False;8;-6;6;False;0;0;;0;0;
3;WRI03;1;0;;0;0;;False;0;0;;False;9;-6;1;0;0;
8;DRA01;;;;0;0;;False;0;0;;False;1;0;;11;0;
6;DIV04;2;;;1;-4;2;False;0;0;;False;9;-4;2;0;0;
8;DIV01;152;16;9;9;6;152;False;1;2;16;False;2;5;9;0;0;
8;WRI05;144;;;0;0;;False;0;0;;False;0;0;;0;0;
11;WRI00;;;;0;0;;False;0;0;;False;10;-4;144;0;0;
8;DRA02;;;;0;0;;False;0;0;;False;10;-6;;10;-4;
12;SUB01;4;8;12;9;-4;2;False;10;-4;4;False;0;0;;0;0;
9;WRI02;8;1;;0;0;;False;0;0;;False;11;-4;8;0;0;
12;ADD01;4;1;5;10;-5;4;False;0;0;;False;0;0;;0;0;
12;SUB02;0;5;;9;-5;5;False;0;0;;False;0;0;;0;0;
9;WRI03;0;0;;0;0;;False;0;0;;False;11;-5;0;0;0;
12;SUB01;1;0;1;9;-6;1;False;10;-6;1;False;0;0;;0;0;
3;WRI03;0;0;;0;0;;False;0;0;;False;11;-6;0;0;0;
8;DRA01;;;;0;0;;False;0;0;;False;1;0;;13;0;
6;DIV04;8;;;1;-3;8;False;0;0;;False;11;-3;8;0;0;
8;DIV01;88;16;5;11;7;88;False;1;2;16;False;2;6;5;0;0;
8;WRI05;80;;;0;0;;False;0;0;;False;0;0;;0;0;
11;WRI00;;;;0;0;;False;0;0;;False;12;-3;80;0;0;
8;DRA02;;;;0;0;;False;0;0;;False;12;-4;;12;-3;
12;SUB01;0;8;8;11;-3;8;False;12;-3;0;False;0;0;;0;0;
9;WRI03;8;0;;0;0;;False;0;0;;False;13;-3;8;0;0;
12;SUB01;8;0;8;11;-4;8;False;12;-4;8;False;0;0;;0;0;
3;WRI03;0;0;;0;0;;False;0;0;;False;13;-4;0;0;0;
8;DRA01;;;;0;0;;False;0;0;;False;1;0;;15;0;
6;DIV04;5;;;1;-2;5;False;0;0;;False;13;-2;5;0;0;
8;DIV01;85;16;5;13;8;85;False;1;2;16;False;2;7;5;0;0;
8;WRI05;80;;;0;0;;False;0;0;;False;0;0;;0;0;
11;WRI00;;;;0;0;;False;0;0;;False;14;-2;80;0;0;
8;DRA02;;;;0;0;;False;0;0;;False;14;-3;;14;-2;
12;SUB01;0;5;5;13;-2;5;False;14;-2;0;False;0;0;;0;0;
9;WRI03;5;0;;0;0;;False;0;0;;False;15;-2;5;0;0;
12;SUB01;8;0;8;13;-3;8;False;14;-3;8;False;0;0;;0;0;
3;WRI03;0;0;;0;0;;False;0;0;;False;15;-3;0;0;0;
8;DRA01;;;;0;0;;False;0;0;;False;1;0;;17;0;
6;DIV04;5;;;1;-1;5;False;0;0;;False;15;-1;5;0;0;
8;DIV01;55;16;3;15;9;55;False;1;2;16;False;2;8;3;0;0;
8;WRI05;48;;;0;0;;False;0;0;;False;0;0;;0;0;
11;WRI00;;;;0;0;;False;0;0;;False;16;-1;48;0;0;
8;DRA02;;;;0;0;;False;0;0;;False;16;-2;;16;-1;
12;SUB01;8;7;15;15;-1;5;False;16;-1;8;False;0;0;;0;0;
9;WRI02;7;1;;0;0;;False;0;0;;False;17;-1;7;0;0;
12;ADD01;4;1;5;16;-2;4;False;0;0;;False;0;0;;0;0;
12;SUB02;0;5;;15;-2;5;False;0;0;;False;0;0;;0;0;
3;WRI03;0;0;;0;0;;False;0;0;;False;17;-2;0;0;0;
8;DRA01;;;;0;0;;False;0;0;;False;1;0;;19;0;
6;DIV04;9;;;1;0;9;False;0;0;;False;17;0;9;0;0;
8;DIV01;79;16;4;17;10;79;False;1;2;16;False;2;9;4;0;0;
8;WRI05;64;;;0;0;;False;0;0;;False;0;0;;0;0;
11;WRI00;;;;0;0;;False;0;0;;False;18;0;64;0;0;
8;DRA02;;;;0;0;;False;0;0;;False;18;-1;;18;0;
12;SUB01;4;5;9;17;0;9;False;18;0;4;False;0;0;;0;0;
9;WRI03;5;0;;0;0;;False;0;0;;False;19;0;5;0;0;
12;SUB01;6;1;7;17;-1;7;False;18;-1;6;False;0;0;;0;0;
3;WRI03;1;0;;0;0;;False;0;0;;False;19;-1;1;0;0;
9;CNV03;F;233495534;;0;0;;False;0;0;;False;1;0;233495534;0;0;
9;DRA02;;;;0;0;;False;0;0;;False;2;10;;2;11;
8;WRI00;;;;0;0;;False;0;0;;False;2;11;16;3;17;........
8;DRA01;;;;0;0;;False;0;0;;False;2;9;;4;9;
4;HOO01;;;;0;0;;False;0;0;;False;2;1;;2;2;
8;DIV01;23;16;1;2;2;23;False;2;11;16;False;3;10;1;0;0;
8;WRI05;16;;;0;0;;False;0;0;;False;0;0;;0;0;
11;WRI00;;;;0;0;;False;0;0;;False;3;2;16;0;0;
8;DRA02;;;;0;0;;False;0;0;;False;3;1;;3;2;
12;SUB01;6;7;13;2;2;3;False;3;2;6;False;0;0;;0;0;
9;WRI02;7;1;;0;0;;False;0;0;;False;4;2;7;0;0;
12;ADD01;1;1;2;3;1;1;False;0;0;;False;0;0;;0;0;
12;SUB02;0;2;;2;1;2;False;0;0;;False;0;0;;0;0;
3;WRI03;0;0;;0;0;;False;0;0;;False;4;1;0;0;0;
8;DRA01;;;;0;0;;False;0;0;;False;2;9;;6;9;
6;DIV04;3;;;2;3;3;False;0;0;;False;4;3;3;0;0;
8;DIV01;73;16;4;4;3;73;False;2;11;16;False;3;11;4;0;0;
8;WRI05;64;;;0;0;;False;0;0;;False;0;0;;0;0;
11;WRI00;;;;0;0;;False;0;0;;False;5;3;64;0;0;
8;DRA02;;;;0;0;;False;0;0;;False;5;2;;5;3;
12;SUB01;4;9;13;4;3;3;False;5;3;4;False;0;0;;0;0;
9;WRI02;9;1;;0;0;;False;0;0;;False;6;3;9;0;0;
12;ADD01;6;1;7;5;2;6;False;0;0;;False;0;0;;0;0;
12;SUB02;0;7;;4;2;7;False;0;0;;False;0;0;;0;0;
3;WRI03;0;0;;0;0;;False;0;0;;False;6;2;0;0;0;
8;DRA01;;;;0;0;;False;0;0;;False;2;9;;8;9;
6;DIV04;4;;;2;4;4;False;0;0;;False;6;4;4;0;0;
8;DIV01;94;16;5;6;4;94;False;2;11;16;False;3;12;5;0;0;
8;WRI05;80;;;0;0;;False;0;0;;False;0;0;;0;0;
11;WRI00;;;;0;0;;False;0;0;;False;7;4;80;0;0;
8;DRA02;;;;0;0;;False;0;0;;False;7;3;;7;4;
12;SUB01;0;4;4;6;4;4;False;7;4;0;False;0;0;;0;0;
9;WRI03;4;0;;0;0;;False;0;0;;False;8;4;4;0;0;
12;SUB01;8;1;9;6;3;9;False;7;3;8;False;0;0;;0;0;
3;WRI03;1;0;;0;0;;False;0;0;;False;8;3;1;0;0;
8;DRA01;;;;0;0;;False;0;0;;False;2;9;;10;9;
6;DIV04;9;;;2;5;9;False;0;0;;False;8;5;9;0;0;
8;DIV01;149;16;9;8;5;149;False;2;11;16;False;3;13;9;0;0;
8;WRI05;144;;;0;0;;False;0;0;;False;0;0;;0;0;
11;WRI00;;;;0;0;;False;0;0;;False;9;5;144;0;0;
8;DRA02;;;;0;0;;False;0;0;;False;9;3;;9;5;
12;SUB01;4;5;9;8;5;9;False;9;5;4;False;0;0;;0;0;
9;WRI03;5;0;;0;0;;False;0;0;;False;10;5;5;0;0;
12;SUB01;4;0;4;8;4;4;False;9;4;4;False;0;0;;0;0;
9;WRI03;0;0;;0;0;;False;0;0;;False;10;4;0;0;0;
12;SUB01;1;0;1;8;3;1;False;9;3;1;False;0;0;;0;0;
3;WRI03;0;0;;0;0;;False;0;0;;False;10;3;0;0;0;
8;DRA01;;;;0;0;;False;0;0;;False;2;9;;12;9;
6;DIV04;5;;;2;6;5;False;0;0;;False;10;6;5;0;0;
8;DIV01;55;16;3;10;6;55;False;2;11;16;False;3;14;3;0;0;
8;WRI05;48;;;0;0;;False;0;0;;False;0;0;;0;0;
11;WRI00;;;;0;0;;False;0;0;;False;11;6;48;0;0;
8;DRA02;;;;0;0;;False;0;0;;False;11;5;;11;6;
12;SUB01;8;7;15;10;6;5;False;11;6;8;False;0;0;;0;0;
9;WRI02;7;1;;0;0;;False;0;0;;False;12;6;7;0;0;
12;ADD01;4;1;5;11;5;4;False;0;0;;False;0;0;;0;0;
12;SUB02;0;5;;10;5;5;False;0;0;;False;0;0;;0;0;
3;WRI03;0;0;;0;0;;False;0;0;;False;12;5;0;0;0;
8;DRA01;;;;0;0;;False;0;0;;False;2;9;;14;9;
6;DIV04;5;;;2;7;5;False;0;0;;False;12;7;5;0;0;
8;DIV01;75;16;4;12;7;75;False;2;11;16;False;3;15;4;0;0;
8;WRI05;64;;;0;0;;False;0;0;;False;0;0;;0;0;
11;WRI00;;;;0;0;;False;0;0;;False;13;7;64;0;0;
8;DRA02;;;;0;0;;False;0;0;;False;13;6;;13;7;
12;SUB01;4;1;5;12;7;5;False;13;7;4;False;0;0;;0;0;
9;WRI03;1;0;;0;0;;False;0;0;;False;14;7;1;0;0;
12;SUB01;6;1;7;12;6;7;False;13;6;6;False;0;0;;0;0;
3;WRI03;1;0;;0;0;;False;0;0;;False;14;6;1;0;0;
8;DRA01;;;;0;0;;False;0;0;;False;2;9;;16;9;
6;DIV04;3;;;2;8;3;False;0;0;;False;14;8;3;0;0;
8;DIV01;113;16;7;14;8;113;False;2;11;16;False;3;16;7;0;0;
8;WRI05;112;;;0;0;;False;0;0;;False;0;0;;0;0;
11;WRI00;;;;0;0;;False;0;0;;False;15;8;112;0;0;
8;DRA02;;;;0;0;;False;0;0;;False;15;6;;15;8;
12;SUB01;2;1;3;14;8;3;False;15;8;2;False;0;0;;0;0;
9;WRI03;1;0;;0;0;;False;0;0;;False;16;8;1;0;0;
12;SUB01;1;0;1;14;7;1;False;15;7;1;False;0;0;;0;0;
9;WRI03;0;0;;0;0;;False;0;0;;False;16;7;0;0;0;
12;SUB01;1;0;1;14;6;1;False;15;6;1;False;0;0;;0;0;
3;WRI03;0;0;;0;0;;False;0;0;;False;16;6;0;0;0;
8;DRA01;;;;0;0;;False;0;0;;False;2;9;;18;9;
6;DIV04;4;;;2;9;4;False;0;0;;False;16;9;4;0;0;
1;DIV01;14;16;0;16;9;14;False;2;11;16;False;3;17;0;0;0;
9;NXP01;;;;0;0;;False;0;0;;False;0;0;;0;0;
9;CNV03;EF;14593470;;0;0;;False;0;0;;False;1;0;14593470;0;0;
9;DRA02;;;;0;0;;False;0;0;;False;1;1;;1;2;
8;WRI00;;;;0;0;;False;0;0;;False;1;2;16;2;6;......
8;DRA01;;;;0;0;;False;0;0;;False;1;0;;3;0;
4;HOO01;;;;0;0;;False;0;0;;False;1;-7;;1;-5;
8;DIV01;145;16;9;1;3;145;False;1;2;16;False;2;1;9;0;0;
8;WRI05;144;;;0;0;;False;0;0;;False;0;0;;0;0;
11;WRI00;;;;0;0;;False;0;0;;False;2;-5;144;0;0;
8;DRA02;;;;0;0;;False;0;0;;False;2;-7;;2;-5;
12;SUB01;4;1;5;1;-5;5;False;2;-5;4;False;0;0;;0;0;
9;WRI03;1;0;;0;0;;False;0;0;;False;3;-5;1;0;0;
12;SUB01;4;0;4;1;-6;4;False;2;-6;4;False;0;0;;0;0;
9;WRI03;0;0;;0;0;;False;0;0;;False;3;-6;0;0;0;
12;SUB01;1;0;1;1;-7;1;False;2;-7;1;False;0;0;;0;0;
3;WRI03;0;0;;0;0;;False;0;0;;False;3;-7;0;0;0;
8;DRA01;;;;0;0;;False;0;0;;False;1;0;;5;0;
6;DIV04;9;;;1;-4;9;False;0;0;;False;3;-4;9;0;0;
8;DIV01;19;16;1;3;4;19;False;1;2;16;False;2;2;1;0;0;
8;WRI05;16;;;0;0;;False;0;0;;False;0;0;;0;0;
11;WRI00;;;;0;0;;False;0;0;;False;4;-4;16;0;0;
8;DRA02;;;;0;0;;False;0;0;;False;4;-5;;4;-4;
12;SUB01;6;3;9;3;-4;9;False;4;-4;6;False;0;0;;0;0;
9;WRI03;3;0;;0;0;;False;0;0;;False;5;-4;3;0;0;
12;SUB01;1;0;1;3;-5;1;False;4;-5;1;False;0;0;;0;0;
3;WRI03;0;0;;0;0;;False;0;0;;False;5;-5;0;0;0;
8;DRA01;;;;0;0;;False;0;0;;False;1;0;;7;0;
6;DIV04;3;;;1;-3;3;False;0;0;;False;5;-3;3;0;0;
8;DIV01;33;16;2;5;5;33;False;1;2;16;False;2;3;2;0;0;
8;WRI05;32;;;0;0;;False;0;0;;False;0;0;;0;0;
11;WRI00;;;;0;0;;False;0;0;;False;6;-3;32;0;0;
8;DRA02;;;;0;0;;False;0;0;;False;6;-4;;6;-3;
12;SUB01;2;1;3;5;-3;3;False;6;-3;2;False;0;0;;0;0;
9;WRI03;1;0;;0;0;;False;0;0;;False;7;-3;1;0;0;
12;SUB01;3;0;3;5;-4;3;False;6;-4;3;False;0;0;;0;0;
3;WRI03;0;0;;0;0;;False;0;0;;False;7;-4;0;0;0;
8;DRA01;;;;0;0;;False;0;0;;False;1;0;;9;0;
6;DIV04;4;;;1;-2;4;False;0;0;;False;7;-2;4;0;0;
8;DIV01;14;16;0;7;6;14;False;1;2;16;False;2;4;0;0;0;
8;DRA01;;;;0;0;;False;0;0;;False;1;0;;9;0;
6;DIV04;7;;;1;-1;7;False;0;0;;False;7;-1;7;0;0;
8;DIV01;147;16;9;7;7;147;False;1;2;16;False;2;5;9;0;0;
8;WRI05;144;;;0;0;;False;0;0;;False;0;0;;0;0;
11;WRI00;;;;0;0;;False;0;0;;False;8;-1;144;0;0;
8;DRA02;;;;0;0;;False;0;0;;False;8;-3;;8;-1;
12;SUB01;4;3;7;7;-1;7;False;8;-1;4;False;0;0;;0;0;
9;WRI03;3;0;;0;0;;False;0;0;;False;9;-1;3;0;0;
12;SUB01;4;0;4;7;-2;4;False;8;-2;4;False;0;0;;0;0;
9;WRI03;0;0;;0;0;;False;0;0;;False;9;-2;0;0;0;
12;SUB01;1;0;1;7;-3;1;False;8;-3;1;False;0;0;;0;0;
3;WRI03;0;0;;0;0;;False;0;0;;False;9;-3;0;0;0;
8;DRA01;;;;0;0;;False;0;0;;False;1;0;;11;0;
6;DIV04;0;;;1;0;0;False;0;0;;False;9;0;0;0;0;
8;DIV01;30;16;1;9;8;30;False;1;2;16;False;2;6;1;0;0;
8;WRI05;16;;;0;0;;False;0;0;;False;0;0;;0;0;
11;WRI00;;;;0;0;;False;0;0;;False;10;0;16;0;0;
8;DRA02;;;;0;0;;False;0;0;;False;10;-1;;10;0;
12;SUB01;6;4;10;9;0;0;False;10;0;6;False;0;0;;0;0;
9;WRI02;4;1;;0;0;;False;0;0;;False;11;0;4;0;0;
12;ADD01;1;1;2;10;-1;1;False;0;0;;False;0;0;;0;0;
12;SUB02;1;3;;9;-1;3;False;0;0;;False;0;0;;0;0;
3;WRI03;1;0;;0;0;;False;0;0;;False;11;-1;1;0;0;
9;CNV03;EEF;912091;;0;0;;False;0;0;;False;1;0;912091;0;0;
9;DRA02;;;;0;0;;False;0;0;;False;2;7;;2;8;
8;WRI00;;;;0;0;;False;0;0;;False;2;8;16;3;11;.....
8;DRA01;;;;0;0;;False;0;0;;False;2;6;;4;6;
4;HOO01;;;;0;0;;False;0;0;;False;2;1;;2;2;
8;DIV01;91;16;5;2;2;91;False;2;8;16;False;3;7;5;0;0;
8;WRI05;80;;;0;0;;False;0;0;;False;0;0;;0;0;
11;WRI00;;;;0;0;;False;0;0;;False;3;2;80;0;0;
8;DRA02;;;;0;0;;False;0;0;;False;3;1;;3;2;
12;SUB01;0;1;1;2;2;1;False;3;2;0;False;0;0;;0;0;
9;WRI03;1;0;;0;0;;False;0;0;;False;4;2;1;0;0;
12;SUB01;8;1;9;2;1;9;False;3;1;8;False;0;0;;0;0;
3;WRI03;1;0;;0;0;;False;0;0;;False;4;1;1;0;0;
8;DRA01;;;;0;0;;False;0;0;;False;2;6;;6;6;
6;DIV04;2;;;2;3;2;False;0;0;;False;4;3;2;0;0;
8;DIV01;112;16;7;4;3;112;False;2;8;16;False;3;8;7;0;0;
8;WRI05;112;;;0;0;;False;0;0;;False;0;0;;0;0;
11;WRI00;;;;0;0;;False;0;0;;False;5;3;112;0;0;
8;DRA02;;;;0;0;;False;0;0;;False;5;1;;5;3;
12;SUB01;2;0;2;4;3;2;False;5;3;2;False;0;0;;0;0;
9;WRI03;0;0;;0;0;;False;0;0;;False;6;3;0;0;0;
12;SUB01;1;0;1;4;2;1;False;5;2;1;False;0;0;;0;0;
9;WRI03;0;0;;0;0;;False;0;0;;False;6;2;0;0;0;
12;SUB01;1;0;1;4;1;1;False;5;1;1;False;0;0;;0;0;
3;WRI03;0;0;;0;0;;False;0;0;;False;6;1;0;0;0;
8;DRA01;;;;0;0;;False;0;0;;False;2;6;;8;6;
6;DIV04;0;;;2;4;0;False;0;0;;False;6;4;0;0;0;
8;DIV01;0;16;0;6;4;0;False;2;8;16;False;3;9;0;0;0;
8;DRA01;;;;0;0;;False;0;0;;False;2;6;;8;6;
6;DIV04;9;;;2;5;9;False;0;0;;False;6;5;9;0;0;
8;DIV01;9;16;0;6;5;9;False;2;8;16;False;3;10;0;0;0;
8;DRA01;;;;0;0;;False;0;0;;False;2;6;;8;6;
6;DIV04;1;;;2;6;1;False;0;0;;False;6;6;1;0;0;
8;DIV01;91;16;5;6;6;91;False;2;8;16;False;3;11;5;0;0;
8;WRI05;80;;;0;0;;False;0;0;;False;0;0;;0;0;
11;WRI00;;;;0;0;;False;0;0;;False;7;6;80;0;0;
8;DRA02;;;;0;0;;False;0;0;;False;7;5;;7;6;
12;SUB01;0;1;1;6;6;1;False;7;6;0;False;0;0;;0;0;
9;WRI03;1;0;;0;0;;False;0;0;;False;8;6;1;0;0;
12;SUB01;8;1;9;6;5;9;False;7;5;8;False;0;0;;0;0;
1;WRI03;1;0;;0;0;;False;0;0;;False;8;5;1;0;0;
9;NXP01;;;;0;0;;False;0;0;;False;0;0;;0;0;
9;CNV03;BEEF;57005;;0;0;;False;0;0;;False;1;0;57005;0;0;
9;DRA02;;;;0;0;;False;0;0;;False;1;1;;1;2;
8;WRI00;;;;0;0;;False;0;0;;False;1;2;16;2;4;....
8;DRA01;;;;0;0;;False;0;0;;False;1;0;;3;0;
4;HOO01;;;;0;0;;False;0;0;;False;1;-4;;1;-3;
8;DIV01;57;16;3;1;2;57;False;1;2;16;False;2;1;3;0;0;
8;WRI05;48;;;0;0;;False;0;0;;False;0;0;;0;0;
11;WRI00;;;;0;0;;False;0;0;;False;2;-3;48;0;0;
8;DRA02;;;;0;0;;False;0;0;;False;2;-4;;2;-3;
12;SUB01;8;9;17;1;-3;7;False;2;-3;8;False;0;0;;0;0;
9;WRI02;9;1;;0;0;;False;0;0;;False;3;-3;9;0;0;
12;ADD01;4;1;5;2;-4;4;False;0;0;;False;0;0;;0;0;
12;SUB02;0;5;;1;-4;5;False;0;0;;False;0;0;;0;0;
3;WRI03;0;0;;0;0;;False;0;0;;False;3;-4;0;0;0;
8;DRA01;;;;0;0;;False;0;0;;False;1;0;;5;0;
6;DIV04;0;;;1;-2;0;False;0;0;;False;3;-2;0;0;0;
8;DIV01;90;16;5;3;3;90;False;1;2;16;False;2;2;5;0;0;
8;WRI05;80;;;0;0;;False;0;0;;False;0;0;;0;0;
11;WRI00;;;;0;0;;False;0;0;;False;4;-2;80;0;0;
8;DRA02;;;;0;0;;False;0;0;;False;4;-3;;4;-2;
12;SUB01;0;0;0;3;-2;0;False;4;-2;0;False;0;0;;0;0;
9;WRI03;0;0;;0;0;;False;0;0;;False;5;-2;0;0;0;
12;SUB01;8;1;9;3;-3;9;False;4;-3;8;False;0;0;;0;0;
3;WRI03;1;0;;0;0;;False;0;0;;False;5;-3;1;0;0;
8;DRA01;;;;0;0;;False;0;0;;False;1;0;;7;0;
6;DIV04;0;;;1;-1;0;False;0;0;;False;5;-1;0;0;0;
8;DIV01;100;16;6;5;4;100;False;1;2;16;False;2;3;6;0;0;
8;WRI05;96;;;0;0;;False;0;0;;False;0;0;;0;0;
11;WRI00;;;;0;0;;False;0;0;;False;6;-1;96;0;0;
8;DRA02;;;;0;0;;False;0;0;;False;6;-3;;6;-1;
12;SUB01;6;4;10;5;-1;0;False;6;-1;6;False;0;0;;0;0;
9;WRI02;4;1;;0;0;;False;0;0;;False;7;-1;4;0;0;
12;ADD01;9;1;10;6;-2;9;False;0;0;;False;0;0;;0;0;
12;SUB02;0;10;;5;-2;0;False;0;0;;False;0;0;;0;0;
9;WRI02;0;1;;0;0;;False;0;0;;False;7;-2;0;0;0;
3;SUB01;1;0;1;5;-3;1;False;0;0;;False;0;0;;0;0;
8;DRA01;;;;0;0;;False;0;0;;False;1;0;;9;0;
6;DIV04;5;;;1;0;5;False;0;0;;False;7;0;5;0;0;
8;DIV01;45;16;2;7;5;45;False;1;2;16;False;2;4;2;0;0;
8;WRI05;32;;;0;0;;False;0;0;;False;0;0;;0;0;
11;WRI00;;;;0;0;;False;0;0;;False;8;0;32;0;0;
8;DRA02;;;;0;0;;False;0;0;;False;8;-1;;8;0;
12;SUB01;2;3;5;7;0;5;False;8;0;2;False;0;0;;0;0;
9;WRI03;3;0;;0;0;;False;0;0;;False;9;0;3;0;0;
12;SUB01;3;1;4;7;-1;4;False;8;-1;3;False;0;0;;0;0;
3;WRI03;1;0;;0;0;;False;0;0;;False;9;-1;1;0;0;
9;CNV03;DBEEF;3562;;0;0;;False;0;0;;False;1;0;3562;0;0;
9;DRA02;;;;0;0;;False;0;0;;False;2;5;;2;6;
8;WRI00;;;;0;0;;False;0;0;;False;2;6;16;3;7;...
8;DRA01;;;;0;0;;False;0;0;;False;2;4;;4;4;
4;HOO01;;;;0;0;;False;0;0;;False;2;1;;2;2;
8;DIV01;35;16;2;2;2;35;False;2;6;16;False;3;5;2;0;0;
8;WRI05;32;;;0;0;;False;0;0;;False;0;0;;0;0;
11;WRI00;;;;0;0;;False;0;0;;False;3;2;32;0;0;
8;DRA02;;;;0;0;;False;0;0;;False;3;1;;3;2;
12;SUB01;2;3;5;2;2;5;False;3;2;2;False;0;0;;0;0;
9;WRI03;3;0;;0;0;;False;0;0;;False;4;2;3;0;0;
12;SUB01;3;0;3;2;1;3;False;3;1;3;False;0;0;;0;0;
3;WRI03;0;0;;0;0;;False;0;0;;False;4;1;0;0;0;
8;DRA01;;;;0;0;;False;0;0;;False;2;4;;6;4;
6;DIV04;6;;;2;3;6;False;0;0;;False;4;3;6;0;0;
8;DIV01;36;16;2;4;3;36;False;2;6;16;False;3;6;2;0;0;
8;WRI05;32;;;0;0;;False;0;0;;False;0;0;;0;0;
11;WRI00;;;;0;0;;False;0;0;;False;5;3;32;0;0;
8;DRA02;;;;0;0;;False;0;0;;False;5;2;;5;3;
12;SUB01;2;4;6;4;3;6;False;5;3;2;False;0;0;;0;0;
9;WRI03;4;0;;0;0;;False;0;0;;False;6;3;4;0;0;
12;SUB01;3;0;3;4;2;3;False;5;2;3;False;0;0;;0;0;
3;WRI03;0;0;;0;0;;False;0;0;;False;6;2;0;0;0;
8;DRA01;;;;0;0;;False;0;0;;False;2;4;;8;4;
6;DIV04;2;;;2;4;2;False;0;0;;False;6;4;2;0;0;
8;DIV01;42;16;2;6;4;42;False;2;6;16;False;3;7;2;0;0;
8;WRI05;32;;;0;0;;False;0;0;;False;0;0;;0;0;
11;WRI00;;;;0;0;;False;0;0;;False;7;4;32;0;0;
8;DRA02;;;;0;0;;False;0;0;;False;7;3;;7;4;
12;SUB01;2;0;2;6;4;2;False;7;4;2;False;0;0;;0;0;
9;WRI03;0;0;;0;0;;False;0;0;;False;8;4;0;0;0;
12;SUB01;3;1;4;6;3;4;False;7;3;3;False;0;0;;0;0;
1;WRI03;1;0;;0;0;;False;0;0;;False;8;3;1;0;0;
9;NXP01;;;;0;0;;False;0;0;;False;0;0;;0;0;
9;CNV03;ADBEEF;222;;0;0;;False;0;0;;False;1;0;222;0;0;
9;DRA02;;;;0;0;;False;0;0;;False;1;1;;1;2;
8;WRI00;;;;0;0;;False;0;0;;False;1;2;16;2;2;..
8;DRA01;;;;0;0;;False;0;0;;False;1;0;;3;0;
4;HOO01;;;;0;0;;False;0;0;;False;1;-2;;1;-1;
8;DIV01;22;16;1;1;2;22;False;1;2;16;False;2;1;1;0;0;
8;WRI05;16;;;0;0;;False;0;0;;False;0;0;;0;0;
11;WRI00;;;;0;0;;False;0;0;;False;2;-1;16;0;0;
8;DRA02;;;;0;0;;False;0;0;;False;2;-2;;2;-1;
12;SUB01;6;6;12;1;-1;2;False;2;-1;6;False;0;0;;0;0;
9;WRI02;6;1;;0;0;;False;0;0;;False;3;-1;6;0;0;
12;ADD01;1;1;2;2;-2;1;False;0;0;;False;0;0;;0;0;
12;SUB02;0;2;;1;-2;2;False;0;0;;False;0;0;;0;0;
3;WRI03;0;0;;0;0;;False;0;0;;False;3;-2;0;0;0;
8;DRA01;;;;0;0;;False;0;0;;False;1;0;;5;0;
6;DIV04;2;;;1;0;2;False;0;0;;False;3;0;2;0;0;
8;DIV01;62;16;3;3;3;62;False;1;2;16;False;2;2;3;0;0;
8;WRI05;48;;;0;0;;False;0;0;;False;0;0;;0;0;
11;WRI00;;;;0;0;;False;0;0;;False;4;0;48;0;0;
8;DRA02;;;;0;0;;False;0;0;;False;4;-1;;4;0;
12;SUB01;8;4;12;3;0;2;False;4;0;8;False;0;0;;0;0;
9;WRI02;4;1;;0;0;;False;0;0;;False;5;0;4;0;0;
12;ADD01;4;1;5;4;-1;4;False;0;0;;False;0;0;;0;0;
12;SUB02;1;6;;3;-1;6;False;0;0;;False;0;0;;0;0;
3;WRI03;1;0;;0;0;;False;0;0;;False;5;-1;1;0;0;
0;CNV03;DEADBEEF;0;;0;0;;False;0;0;;False;0;0;;0;0;
